<?xml version="1.0" encoding="utf-8" ?>
<dwsync>
<file name="jquery-ui-1.css" server="C:/wamp2/www/LinkAll/" local="131666115876114779" remote="131666115870000000" />
<file name="chosen.css" server="C:/wamp2/www/LinkAll/" local="131666115859257825" remote="131666115850000000" />
<file name="pure-min.css" server="C:/wamp2/www/LinkAll/" local="131666114882024321" remote="131666114880000000" />
<file name="font-awesome.css" server="C:/wamp2/www/LinkAll/" local="131666114883010031" remote="131666114880000000" />
<file name="myaccount.css" server="C:/wamp2/www/LinkAll/" local="131666114883205159" remote="131666114880000000" />
<file name="myaccount-login.css" server="C:/wamp2/www/LinkAll/" local="131666114882169430" remote="131666114880000000" />
<file name="favicon.ico" server="C:/wamp2/www/LinkAll/" local="131666115485267413" remote="131666115480000000" />
<file name="jquery-1.js" server="C:/wamp2/www/LinkAll/" local="131666114884981418" remote="131666114880000000" />
<file name="jquery-ui-1.js" server="C:/wamp2/www/LinkAll/" local="131666114916428731" remote="131666114910000000" />
<file name="chosen.js" server="C:/wamp2/www/LinkAll/" local="131666114906706843" remote="131666114900000000" />
<file name="myaccount.js" server="C:/wamp2/www/LinkAll/" local="131666114880988592" remote="131666114880000000" />
<file name="scripts.js" server="C:/wamp2/www/LinkAll/" local="131666114882764851" remote="131666114880000000" />
<file name="ispa.png" server="C:/wamp2/www/LinkAll/" local="131666114880278090" remote="131666114880000000" />
<file name="icode.png" server="C:/wamp2/www/LinkAll/" local="131666114881163715" remote="131666114880000000" />
</dwsync>