<?xml version="1.0" encoding="utf-8" ?>
<dwsync>
<file name="SpryValidationTextField.js" server="C:/xampp/htdocs/testDHL/" local="130767236093151551" remote="130767236090000000" />
<file name="SpryValidationTextField.css" server="C:/xampp/htdocs/testDHL/" local="130767495001182171" remote="130767495000000000" />
<file name="SpryValidationTextField.js" server="C:/xampp/htdocs/ups/" local="130767236093151551" remote="130767236090000000" />
<file name="SpryValidationTextField.css" server="C:/xampp/htdocs/ups/" local="130768913549438997" remote="130768913540000000" />
<file name="SpryValidationTextField.js" server="C:/xampp/htdocs/testrun/" local="130767236093151551" remote="130767236090000000" />
<file name="SpryValidationTextField.css" server="C:/xampp/htdocs/testrun/" local="130768913549438997" remote="130768913540000000" />
<file name="SpryValidationTextField.js" server="C:/wamp2/www/LinkAll/" local="130766948100000000" remote="130766948100000000" />
<file name="SpryValidationTextField.css" server="C:/wamp2/www/LinkAll/" local="131186766237976126" remote="131186766230000000" />
</dwsync>